TimeGenerated,EventID,Account,IPAddress,Message
2025-10-21 10:55:33,4625,script_kiddi3,198.51.100.5,An account failed to log on.
2025-10-21 10:43:33,4625,admin,198.51.100.5,An account failed to log on.
2025-10-21 09:08:33,4625,admin,192.0.2.10,An account failed to log on.
2025-10-21 09:12:33,4625,labuser,192.0.2.10,An account failed to log on.
2025-10-21 09:27:33,4625,labuser,198.51.100.5,An account failed to log on.
2025-10-21 10:47:33,4625,admin,192.0.2.10,An account failed to log on.
2025-10-21 11:18:33,4625,admin,192.0.2.10,An account failed to log on.
2025-10-21 09:56:33,4625,script_kiddi3,198.51.100.5,An account failed to log on.
2025-10-21 09:23:33,4625,testuser,203.0.113.55,An account failed to log on.
2025-10-21 12:05:33,4625,testuser,127.0.0.1,An account failed to log on.
2025-10-21 10:51:33,4625,testuser,198.51.100.5,An account failed to log on.
2025-10-21 08:21:33,4625,labuser,198.51.100.5,An account failed to log on.
2025-10-21 12:00:33,4625,admin,192.0.2.10,An account failed to log on.
2025-10-21 11:01:33,4625,testuser,127.0.0.1,An account failed to log on.
2025-10-21 08:13:33,4625,admin,127.0.0.1,An account failed to log on.
2025-10-21 09:56:33,4625,testuser,198.51.100.5,An account failed to log on.
2025-10-21 11:02:33,4625,admin,198.51.100.5,An account failed to log on.
2025-10-21 09:40:33,4625,labuser,127.0.0.1,An account failed to log on.
2025-10-21 09:37:33,4625,script_kiddi3,203.0.113.55,An account failed to log on.
2025-10-21 10:14:33,4625,script_kiddi3,192.0.2.10,An account failed to log on.
2025-10-21 10:20:33,4625,admin,192.0.2.10,An account failed to log on.
2025-10-21 08:47:33,4625,testuser,127.0.0.1,An account failed to log on.
2025-10-21 10:33:33,4625,testuser,198.51.100.5,An account failed to log on.
2025-10-21 11:05:33,4625,labuser,198.51.100.5,An account failed to log on.
2025-10-21 10:04:33,4625,script_kiddi3,192.0.2.10,An account failed to log on.
2025-10-21 11:54:33,4625,admin,127.0.0.1,An account failed to log on.
2025-10-21 08:57:33,4625,admin,198.51.100.5,An account failed to log on.
2025-10-21 11:04:33,4625,script_kiddi3,198.51.100.5,An account failed to log on.
2025-10-21 11:12:33,4625,admin,127.0.0.1,An account failed to log on.
2025-10-21 10:45:33,4625,admin,192.0.2.10,An account failed to log on.
2025-10-21 09:35:33,4625,testuser,198.51.100.5,An account failed to log on.
2025-10-21 08:12:33,4625,admin,203.0.113.55,An account failed to log on.
2025-10-21 11:45:33,4625,testuser,198.51.100.5,An account failed to log on.
2025-10-21 09:25:33,4625,script_kiddi3,127.0.0.1,An account failed to log on.
2025-10-21 09:02:33,4625,labuser,127.0.0.1,An account failed to log on.
2025-10-21 08:37:33,4625,testuser,192.0.2.10,An account failed to log on.
2025-10-21 11:39:33,4625,admin,203.0.113.55,An account failed to log on.
2025-10-21 08:59:33,4625,script_kiddi3,198.51.100.5,An account failed to log on.
2025-10-21 11:50:33,4625,script_kiddi3,203.0.113.55,An account failed to log on.
2025-10-21 11:37:33,4625,labuser,192.0.2.10,An account failed to log on.
